{
    "clicks": 4033.0159132111453,
    "rebirths": 1.03,
    "current_tier": 6,
    "total_time_played": 481.6209999999591,
    "xp": 1144.25,
    "CU1": 0,
    "CU2": 0,
    "CU3": 0,
    "CU4": 0,
    "CU5": 1,
    "RU1": 0,
    "RU2": 0,
    "RU3": 0
}